{
    "Earth (399)": {
        "time": 1325386800,
        "pos": [
            "3.567206844179213E-01",
            "8.260220584049135E+00",
            "-5.625838999969153E+00"
        ],
        "vel": [
            "1.891836367404376E-03",
            "-7.039981476739764E-03",
            "2.470409828558294E-03"
        ]
    },
    "Jupiter (599)": {
        "time": 1325386800,
        "pos": [
            "3.567206844179213E-01",
            "8.260220584049135E+00",
            "-5.625838999969153E+00"
        ],
        "vel": [
            "1.891836367404376E-03",
            "-7.039981476739764E-03",
            "2.470409828558294E-03"
        ]
    },
    "Mars (499)": {
        "time": 1325386800,
        "pos": [
            "3.567206844179213E-01",
            "8.260220584049135E+00",
            "-5.625838999969153E+00"
        ],
        "vel": [
            "1.891836367404376E-03",
            "-7.039981476739764E-03",
            "2.470409828558294E-03"
        ]
    },
    "Mercury (199)": {
        "time": 1325386800,
        "pos": [
            "3.567206844179213E-01",
            "8.260220584049135E+00",
            "-5.625838999969153E+00"
        ],
        "vel": [
            "1.891836367404376E-03",
            "-7.039981476739764E-03",
            "2.470409828558294E-03"
        ]
    },
    "Neptune (899)": {
        "time": 1325386800,
        "pos": [
            "3.567206844179213E-01",
            "8.260220584049135E+00",
            "-5.625838999969153E+00"
        ],
        "vel": [
            "1.891836367404376E-03",
            "-7.039981476739764E-03",
            "2.470409828558294E-03"
        ]
    },
    "Pluto (999)": {
        "time": 1325386800,
        "pos": [
            "3.567206844179213E-01",
            "8.260220584049135E+00",
            "-5.625838999969153E+00"
        ],
        "vel": [
            "1.891836367404376E-03",
            "-7.039981476739764E-03",
            "2.470409828558294E-03"
        ]
    },
    "Saturn (699)": {
        "time": 1325386800,
        "pos": [
            "3.567206844179213E-01",
            "8.260220584049135E+00",
            "-5.625838999969153E+00"
        ],
        "vel": [
            "1.891836367404376E-03",
            "-7.039981476739764E-03",
            "2.470409828558294E-03"
        ]
    }
}